medallion,hack_license,vendor_id,pickup_datetime	rate_code,store_and_fwd_flag,dropoff_datetime,passenger_count,trip_time_in_secs,trip_distance,pickup_longitude,pickup_latitude,dropoff_longitude,dropoff_latitude,payment_type,fare_amount,surcharge,mta_tax,tip_amount,tolls_amount,total_amount
2013000012,2013000012,VTS,2013-01-01 00:00:00	1,,2013-01-01 00:17:00,6,1020,9.77,-73.866135,40.771091,-73.961334,40.764912,CSH,28.5,0.5,0.5,0,4.8,34.3
2013000018,2013000018,VTS,2013-01-01 00:00:00	1,,2013-01-01 00:18:00,1,1080,8.27,-74.006218,40.723797,-73.958374,40.759762,CRD,25.5,0.5,0.5,4,0,30.5
2013000024,2013000024,VTS,2013-01-01 00:00:00	1,,2013-01-01 00:07:00,3,420,1.22,-73.996132,40.739567,-74.004288,40.750999,CRD,7,0.5,0.5,2,0,10
2013000036,2013000036,VTS,2013-01-01 00:00:00	1,,2013-01-01 00:05:00,1,300,.46,-73.998581,40.755333,-73.994576,40.760796,CRD,4.5,0.5,0.5,1,0,6.5
2013000041,2013000041,VTS,2013-01-01 00:00:00	1,,2013-01-01 00:23:00,6,1380,2.15,-73.983597,40.75164,-73.988754,40.769218,CRD,15.5,0.5,0.5,3.2,0,19.7
2013000048,2013000048,VTS,2013-01-01 00:00:00	1,,2013-01-01 00:36:00,1,2160,2.88,-73.991325,40.760178,-73.975403,40.755486,CSH,21.5,0.5,0.5,0,0,22.5
2013000053,2013000053,VTS,2013-01-01 00:00:00	1,,2013-01-01 00:04:00,1,240,1.71,-73.955383,40.779728,-73.967758,40.760326,CSH,6.5,0.5,0.5,0,0,7.5
2013000060,2013000060,CMT,2013-01-01 00:00:01	1,,2013-01-01 00:02:00,1,120,.44,-73.956528,40.716976,-73.96244,40.715008,CSH,3.5,0.5,0.5,0,0,4.5
2013000066,2013000066,CMT,2013-01-01 00:00:10	1,N,2013-01-01 00:08:42,2,520,2.10,-73.956512,40.717007,-73.987869,40.718632,CRD,9.5,0.5,0.5,0,0,10.5
2013000068,2013000068,CMT,2013-01-01 00:00:13	1,N,2013-01-01 00:03:43,2,212,.80,-73.979179,40.740398,-73.988052,40.732304,CRD,5,0.5,0.5,1.5,0,7.5
2013000070,2013000070,CMT,2013-01-01 00:00:14	1,N,2013-01-01 00:15:00,2,886,2.80,-73.988739,40.718876,-73.977196,40.751961,CSH,12.5,0.5,0.5,0,0,13.5
2013000077,2013000077,CMT,2013-01-01 00:04:02	1,N,2013-01-01 00:01:37,1,83,.20,-73.975441,40.749657,-73.977333,40.751991,CSH,3,0.5,0.5,0,0,4
2013000079,2013000079,CMT,2013-01-01 00:00:22	1,N,2013-01-01 00:09:35,1,333,1.10,-73.967758,40.766796,-73.959679,40.780346,CRD,6.5,0.5,0.5,1.5,0,9
2013000081,2013000081,CMT,2013-01-01 00:00:23	1,N,2013-01-01 00:21:51,2,1288,8.80,-73.980583,40.769863,-73.878899,40.828575,CSH,27.5,0.5,0.5,0,0,28.5
2013000113,2013000113,VTS,2013-01-01 00:01:00	1,N,2013-01-01 00:21:00,1,1236,4.80,-74.007523,40.711506,-73.933434,40.697865,CSH,19,0.5,0.5,0,0,20
2013000125,2013000125,VTS,2013-01-01 00:01:00	1,,2013-01-01 00:16:00,1,900,5.95,-73.988731,40.719482,-73.951035,40.777615,CRD,18.5,0.5,0.5,4.75,0,24.25
2013000130,2013000130,VTS,2013-01-01 00:01:00	1,,2013-01-01 00:11:00,1,600,3.53,-73.964813,40.764027,-73.967896,40.800365,CRD,12.5,0.5,0.5,2,0,15.5
2013000137,2013000137,VTS,2013-01-01 00:01:00	2,,2013-01-01 00:25:00,1,1440,19.15,-73.781883,40.644848,-73.951614,40.784927,CRD,52,0,0.5,10.4,4.8,67.7
2013000149,2013000149,VTS,2013-01-01 00:01:00	1,,2013-01-01 00:01:00,1,0,.01,0,0,0,0,CSH,2.5,0.5,0.5,0,0,3.5
2013000155,2013000155,VTS,2013-01-01 00:01:00	1,,2013-01-01 00:12:00,1,660,1.64,-73.987167,40.761108,-74.004517,40.751942,CRD,9.5,0.5,0.5,2,0,12.5
2013000160,2013000160,VTS,2013-01-01 00:01:00	1,,2013-01-01 00:07:00,6,360,1.11,-73.98774,40.719864,-74.000671,40.728592,CSH,6,0.5,0.5,0,0,7
2013000167,2013000167,VTS,2013-01-01 00:01:00	1,,2013-01-01 00:08:00,4,420,1.66,-73.977051,40.743141,-73.985184,40.723808,CRD,8,0.5,0.5,1.5,0,10.5
2013000172,2013000172,VTS,2013-01-01 00:01:00	1,,2013-01-01 00:09:00,2,480,1.44,-73.991226,40.72765,-73.982788,40.74448,CSH,7.5,0.5,0.5,0,0,8.5
2013000174,2013000174,CMT,2013-01-01 00:01:01	1,,2013-01-01 00:08:00,1,420,1.79,-73.978241,40.748531,-73.988274,40.72784,CSH,7.5,0.5,0.5,0,0,8.5
2013000181,2013000181,CMT,2013-01-01 00:01:04	1,N,2013-01-01 00:11:10,2,608,1.20,-73.979095,40.72739,-73.987038,40.739281,CSH,8,0.5,0.5,0,0,9
2013000183,2013000183,CMT,2013-01-01 00:01:07	1,N,2013-01-01 00:08:41,1,456,1.50,-73.940643,40.711807,-73.933762,40.715382,CSH,7.5,0.5,0.5,0,0,8.5
2013000192,2013000192,CMT,2013-01-01 00:01:20	1,N,2013-01-01 00:16:47,1,939,3.40,-73.953537,40.775414,-73.996902,40.76289,CRD,14,0.5,0.5,3.75,0,18.75
2013000196,2013000196,CMT,2013-01-01 00:01:26	1,N,2013-01-01 00:09:24,2,483,2.20,-73.990753,40.729794,-73.970345,40.756294,CRD,8.5,0.5,0.5,1.9,0,11.4
2013000198,2013000198,CMT,2013-01-01 00:01:29	1,N,2013-01-01 00:04:40,1,193,.60,-73.965012,40.755863,-73.973694,40.755215,CRD,4.5,0.5,0.5,1.1,0,6.6
2013000200,2013000200,CMT,2013-01-01 00:01:29	1,N,2013-01-01 00:18:39,1,1029,8.60,-74.012581,40.70166,-73.932449,40.744534,CRD,26,0.5,0.5,6.75,0,33.75
2013000202,2013000202,CMT,2013-01-01 00:01:32	1,N,2013-01-01 00:06:04,1,274,1.40,-73.955444,40.779499,-73.947571,40.796261,CSH,6,0.5,0.5,0,0,7
2013000204,2013000204,CMT,2013-01-01 00:01:35	1,N,2013-01-01 00:05:53,1,261,.40,-73.991982,40.744312,-73.987335,40.741936,CSH,4.5,0.5,0.5,0,0,5.5
2013000209,2013000209,CMT,2013-01-01 00:01:37	1,N,2013-01-01 00:10:18,4,522,1.40,-73.993813,40.735889,-74.002892,40.720913,CSH,8,0.5,0.5,0,0,9
2013000210,2013000210,CMT,2013-01-01 00:01:40	1,N,2013-01-01 00:08:01,1,384,2.80,-73.981163,40.741707,-73.954262,40.775578,CSH,9.5,0.5,0.5,0,0,10.5
2013000213,2013000213,CMT,2013-01-01 00:01:41	1,N,2013-01-01 00:12:28,1,648,3.00,-73.990479,40.686691,-73.992134,40.725365,CSH,12,0.5,0.5,0,0,13
2013000222,2013000222,CMT,2013-01-01 00:01:54	1,N,2013-01-01 00:13:49,1,728,3.50,-73.994408,40.740402,-73.956398,40.767231,CRD,13,0.5,0.5,2.8,0,16.8
2013000224,2013000224,CMT,2013-01-01 00:01:57	1,N,2013-01-01 00:19:51,2,1076,2.00,-73.981491,40.767612,-73.981819,40.752712,CSH,13,0.5,0.5,0,0,14
2013000227,2013000227,CMT,2013-01-01 00:01:58	1,N,2013-01-01 00:07:43,2,346,1.10,-74.012085,40.707443,-74.006233,40.714325,CSH,6,0.5,0.5,0,0,7
2013000232,2013000232,VTS,2013-01-01 00:02:00	1,N,2013-01-01 00:12:23,3,625,1.10,-74.005692,40.740349,-73.994606,40.750492,CSH,8.5,0.5,0.5,0,0,9.5
2013000238,2013000238,VTS,2013-01-01 00:02:00	1,,2013-01-01 00:06:00,1,240,.53,-73.981934,40.769608,-73.977295,40.774387,CSH,4.5,0.5,0.5,0,0,5.5
2013000244,2013000244,VTS,2013-01-01 00:02:00	1,,2013-01-01 00:08:00,1,360,1.67,-73.955521,40.779541,-73.964317,40.792328,CRD,7.5,0.5,0.5,3.3,0,11.8
2013000256,2013000256,VTS,2013-01-01 00:02:00	1,,2013-01-01 00:10:00,3,480,2.29,-73.976662,40.785511,-73.947365,40.791023,CSH,9,0.5,0.5,0,0,10
2013000261,2013000261,VTS,2013-01-01 00:02:00	1,,2013-01-01 00:10:00,1,480,1.39,-74.00396,40.741959,-73.987457,40.750458,CSH,7,0.5,0.5,0,0,8
2013000268,2013000268,VTS,2013-01-01 00:02:00	1,,2013-01-01 00:18:00,6,960,7.42,-73.866615,40.771156,-73.936287,40.814426,CRD,22.5,0.5,0.5,3.7,4.8,32
2013000273,2013000273,VTS,2013-01-01 00:02:00	1,,2013-01-01 00:14:00,4,720,3.75,-73.978531,40.74535,-73.972206,40.785606,CRD,13,0.5,0.5,2.7,0,16.7
2013000285,2013000285,VTS,2013-01-01 00:02:00	1,,2013-01-01 00:19:00,2,1020,4.13,-74.013016,40.702393,-74.002304,40.751846,CSH,16,0.5,0.5,0,0,17
2013000291,2013000291,VTS,2013-01-01 00:02:00	1,,2013-01-01 00:07:00,1,300,.66,-73.997627,40.763859,-73.994987,40.769932,CSH,5,0.5,0.5,0,0,6
2013000297,2013000297,VTS,2013-01-01 00:02:00	1,,2013-01-01 00:13:00,1,660,2.06,-73.995239,40.759289,-73.986267,40.744286,CRD,10.5,0.5,0.5,1,0,12.5
2013000306,2013000306,VTS,2013-01-01 00:02:00	1,,2013-01-01 00:05:00,1,180,1.12,-73.959633,40.762802,-73.948555,40.774818,CRD,5,0.5,0.5,1,0,7
2013000312,2013000312,CMT,2013-01-01 00:02:03	1,,2013-01-01 00:19:00,1,1020,6.62,-74.003418,40.751469,-73.95182,40.824444,CRD,21.5,0.5,0.5,3,0,25.5
2013000315,2013000315,CMT,2013-01-01 00:02:04	1,N,2013-01-01 00:08:00,2,356,.60,-73.977585,40.751911,-73.972656,40.759247,CSH,5.5,0.5,0.5,0,0,6.5
2013000318,2013000318,CMT,2013-01-01 00:02:05	1,N,2013-01-01 00:07:24,1,319,1.20,-73.987816,40.728615,-73.986221,40.715755,CRD,6,0.5,0.5,1,0,8
2013000324,2013000324,CMT,2013-01-01 00:02:10	1,N,2013-01-01 00:12:56,1,651,2.30,-73.972809,40.793159,-73.945885,40.799301,CSH,10.5,0.5,0.5,0,0,11.5
2013000335,2013000335,CMT,2013-01-01 00:02:19	1,N,2013-01-01 00:20:30,1,1099,5.70,-74.002953,40.723484,-73.932411,40.683052,CRD,19,0.5,0.5,4,0,24
2013000338,2013000338,CMT,2013-01-01 00:02:20	1,N,2013-01-01 00:27:18,1,1499,6.30,-73.998779,40.751907,-73.963791,40.71788,CRD,23,0.5,0.5,4.8,0,28.8
2013000341,2013000341,CMT,2013-01-01 00:02:26	1,N,2013-01-01 00:14:31,1,731,2.00,-73.988487,40.752254,-74.005325,40.740208,CRD,10,0.5,0.5,2,0,13
2013000343,2013000343,CMT,2013-01-01 00:02:29	1,Y,2013-01-01 00:12:25,1,599,1.40,-74.003212,40.7342,-73.983284,40.726379,CSH,8.5,0.5,0.5,0,0,9.5
2013000347,2013000347,CMT,2013-01-01 00:02:33	1,N,2013-01-01 00:15:57,2,808,3.30,-73.983421,40.76622,-73.966751,40.804665,CSH,13,0.5,0.5,0,0,14
2013000354,2013000354,CMT,2013-01-01 00:02:38	1,N,2013-01-01 00:04:35,1,122,.50,-73.980209,40.687935,-73.983826,40.694939,CSH,4,0.5,0.5,0,0,5
2013000357,2013000357,CMT,2013-01-01 00:02:39	1,N,2013-01-01 00:08:57,1,379,2.30,-73.991676,40.75489,-73.990997,40.755695,CSH,5.5,0.5,0.5,0,0,6.5
2013000359,2013000359,CMT,2013-01-01 00:02:40	1,N,2013-01-01 00:07:51,1,311,1.10,-73.948708,40.71122,-73.966774,40.710503,CSH,6,0.5,0.5,0,0,7
2013000361,2013000361,CMT,2013-01-01 00:02:41	1,N,2013-01-01 00:06:45,4,245,.50,-73.989342,40.757679,-73.983727,40.765575,CSH,4.5,0.5,0.5,0,0,5.5
2013000374,2013000374,CMT,2013-01-01 00:02:53	1,N,2013-01-01 00:13:44,2,662,2.90,-73.958374,40.71735,-73.984329,40.727192,CRD,12,0.5,0.5,2.6,0,15.6
2013000379,2013000379,CMT,2013-01-01 00:02:57	1,N,2013-01-01 00:19:24,1,990,3.50,-73.982483,40.745861,-73.988724,40.711311,CSH,14,0.5,0.5,0,0,15
2013000382,2013000230,VTS,2013-01-01 00:03:00	1,N,2013-01-01 00:13:58,1,661,4.30,-73.991394,40.726967,-73.948311,40.773067,CSH,13.5,0.5,0.5,0,0,14.5
2013000389,2013000387,VTS,2013-01-01 00:03:00	1,,2013-01-01 00:04:00,3,60,.00,-73.937637,40.758369,-73.937607,40.75835,CRD,2.5,0.5,0.5,0.25,0,3.75
2013000395,2013000393,VTS,2013-01-01 00:03:00	1,,2013-01-01 00:25:00,6,1320,6.85,-73.970428,40.799122,-73.92025,40.759518,CSH,22.5,0.5,0.5,0,4.8,28.3
2013000403,2013000401,VTS,2013-01-01 00:03:00	1,,2013-01-01 00:08:00,1,300,1.44,-73.965485,40.80579,-73.95578,40.818932,CSH,7,0.5,0.5,0,0,8
2013000415,2013000413,VTS,2013-01-01 00:03:00	1,,2013-01-01 00:27:00,1,1440,5.94,-73.993683,40.749886,-73.926117,40.772018,CSH,22,0.5,0.5,0,0,23
2013000420,2013000418,VTS,2013-01-01 00:03:00	1,,2013-01-01 00:15:00,6,720,2.30,-73.968643,40.761745,-73.980782,40.735416,CSH,10,0.5,0.5,0,0,11
2013000427,2013000425,VTS,2013-01-01 00:03:00	1,,2013-01-01 00:13:00,3,600,3.88,-73.954796,40.779186,-73.98468,40.733131,CRD,12.5,0.5,0.5,2.6,0,16.1
2013000433,2013000431,VTS,2013-01-01 00:03:00	1,,2013-01-01 00:05:00,1,120,1.12,-73.965721,40.754436,-73.956863,40.766544,CSH,5,0.5,0.5,0,0,6
2013000439,2013000437,VTS,2013-01-01 00:03:00	1,,2013-01-01 00:06:00,5,180,.59,-73.993675,40.727268,-73.991653,40.734322,CSH,4.5,0.5,0.5,0,0,5.5
2013000445,2013000443,VTS,2013-01-01 00:03:00	1,,2013-01-01 00:13:00,3,600,3.33,-73.987511,40.72258,-73.961525,40.760296,CRD,11.5,0.5,0.5,3,0,15.5
2013000450,2013000448,VTS,2013-01-01 00:03:00	1,,2013-01-01 00:08:00,1,300,2.14,-73.959091,40.780426,-73.940224,40.806355,CSH,7.5,0.5,0.5,0,0,8.5
2013000457,2013000455,VTS,2013-01-01 00:03:00	1,,2013-01-01 00:22:00,4,1140,10.30,-73.976784,40.750706,-73.860573,40.835564,CSH,29.5,0.5,0.5,0,0,30.5
2013000462,2013000460,VTS,2013-01-01 00:03:00	1,,2013-01-01 00:10:00,1,420,.89,-73.993263,40.733292,-73.979164,40.728172,CRD,6.5,0.5,0.5,1.4,0,8.9
2013000469,2013000467,VTS,2013-01-01 00:03:00	1,,2013-01-01 00:17:00,1,840,2.06,-73.991928,40.721977,-73.978188,40.745796,CSH,11,0.5,0.5,0,0,12
2013000474,2013000472,VTS,2013-01-01 00:03:00	1,,2013-01-01 00:17:00,2,840,5.50,-73.974586,40.680187,-73.986107,40.722336,CSH,18.5,0.5,0.5,0,0,19.5
2013000484,2013000482,CMT,2013-01-01 00:03:09	1,,2013-01-01 00:20:00,5,1020,4.11,-73.965355,40.806221,-73.996887,40.756962,CRD,16.5,0.5,0.5,3,0,20.5
2013000487,2013000485,CMT,2013-01-01 00:03:10	1,N,2013-01-01 00:07:57,2,287,.50,-73.971313,40.757797,-73.97892,40.7565,CSH,5,0.5,0.5,0,0,6
2013000499,2013000497,CMT,2013-01-01 00:03:17	1,N,2013-01-01 00:13:29,1,618,1.60,-73.995995,40.759136,-73.990562,40.747749,CSH,9,0.5,0.5,0,0,10
2013000530,2013000528,CMT,2013-01-01 00:03:31	1,N,2013-01-01 00:12:57,1,580,2.90,-73.977074,40.683666,-73.958725,40.645023,CSH,11.5,0.5,0.5,0,0,12.5
2013000533,2013000531,CMT,2013-01-01 00:03:34	1,N,2013-01-01 00:06:37,1,185,.60,-73.979141,40.764526,-73.988197,40.768974,CRD,4.5,0.5,0.5,1.65,0,7.15
2013000545,2013000543,CMT,2013-01-01 00:03:41	1,N,2013-01-01 00:13:51,1,617,3.40,-73.976143,40.765606,-73.976143,40.765606,CRD,12,0.5,0.5,2.1,0,15.1
2013000548,2013000546,CMT,2013-01-01 00:03:42	1,N,2013-01-01 00:21:05,2,1043,8.80,-73.962608,40.758183,-73.862801,40.833969,CSH,26,0.5,0.5,0,0,27
2013000557,2013000555,CMT,2013-01-01 00:03:48	1,N,2013-01-01 00:19:24,1,942,3.50,-74.011406,40.715134,-73.983154,40.731529,CRD,15,0.5,0.5,3.2,0,19.2
2013000559,2013000557,CMT,2013-01-01 00:03:51	1,N,2013-01-01 00:10:20,1,391,.70,-73.95002,40.711212,-73.942841,40.707355,CSH,6,0.5,0.5,0,0,7
2013000563,2013000561,CMT,2013-01-01 00:03:53	1,N,2013-01-01 00:18:01,1,850,.80,-73.974411,40.762623,-73.982468,40.75135,CSH,9.5,0.5,0.5,0,0,10.5
2013000566,2013000564,CMT,2013-01-01 00:03:54	1,N,2013-01-01 00:07:28,1,215,1.20,-74.001938,40.726345,-73.993599,40.741795,CRD,5.5,0.5,0.5,1.3,0,7.8
2013000570,2013000568,CMT,2013-01-01 00:03:56	1,N,2013-01-01 00:23:56,1,1201,6.00,-73.974365,40.788784,-73.950653,40.761242,CSH,19.5,0.5,0.5,0,0,20.5
2013000586,2013000583,VTS,2013-01-01 00:04:00	1,Y,2013-01-01 00:29:05,1,1508,9.10,-73.956108,40.76762,-73.864662,40.763062,CSH,29.5,0.5,0.5,0,0,30.5
2013000598,2013000595,VTS,2013-01-01 00:04:00	1,,2013-01-01 00:12:00,6,480,2.03,-74.005363,40.72562,-73.990944,40.748695,CSH,8,0.5,0.5,0,0,9
2013000611,2013000608,VTS,2013-01-01 00:04:00	1,,2013-01-01 00:08:00,6,240,.87,-73.94828,40.776386,-73.952789,40.768147,CSH,5,0.5,0.5,0,0,6
2013000619,2013000616,VTS,2013-01-01 00:04:00	1,,2013-01-01 00:29:00,6,1500,10.22,-73.982101,40.771893,-73.867615,40.768467,CRD,31,0.5,0.5,2,4.8,38.8
2013000624,2013000621,VTS,2013-01-01 00:04:00	1,,2013-01-01 00:11:00,1,420,2.15,-73.968765,40.754452,-73.947769,40.771141,CRD,8.5,0.5,0.5,2.7,0,12.2
2013000629,2013000626,CMT,2013-01-01 00:04:00	1,,2013-01-01 00:10:00,2,360,1.83,-73.99839,40.735428,-74.010132,40.715862,CSH,7.5,0.5,0.5,0,0,8.5
2013000636,2013000633,VTS,2013-01-01 00:04:00	1,N,2013-01-01 00:17:56,1,835,3.00,-73.994476,40.750111,-73.986542,40.722179,CRD,12.5,0.5,0.5,1.5,0,15
2013000641,2013000638,VTS,2013-01-01 00:04:00	1,,2013-01-01 00:11:00,5,420,1.11,-73.99543,40.721714,-74.001732,40.709496,CSH,6.5,0.5,0.5,0,0,7.5
2013000648,2013000645,VTS,2013-01-01 00:04:00	1,,2013-01-01 00:12:00,1,480,1.67,-73.981148,40.772678,-73.971413,40.757904,CSH,8,0.5,0.5,0,0,9
2013000654,2013000651,VTS,2013-01-01 00:04:00	1,,2013-01-01 00:17:00,1,780,1.91,-73.99086,40.736561,-73.977852,40.751709,CSH,10.5,0.5,0.5,0,0,11.5
2013000666,2013000663,VTS,2013-01-01 00:04:00	1,,2013-01-01 00:18:00,5,840,4.55,-73.98436,40.744267,-73.937805,40.756863,CRD,15.5,0.5,0.5,4,0,20.5
2013000670,2013000667,VTS,2013-01-01 00:04:00	1,,2013-01-01 00:14:00,1,600,1.89,-73.996437,40.723759,-74.007637,40.740891,CSH,9,0.5,0.5,0,0,10
2013000672,2013000669,CMT,2013-01-01 00:04:01	1,,2013-01-01 00:27:00,1,1380,8.96,-73.993935,40.756489,-73.849709,40.728336,CSH,29,0.5,0.5,0,4.8,34.8
2013000673,2013000670,CMT,2013-01-01 00:04:01	1,N,2013-01-01 00:24:14,2,1212,12.20,-74.008247,40.737698,-73.908653,40.884003,CSH,35.5,0.5,0.5,0,2.2,38.7
2013000678,2013000675,CMT,2013-01-01 00:04:03	1,N,2013-01-01 00:22:48,1,1126,3.70,-74.004387,40.742313,-73.964233,40.762218,CSH,15.5,0.5,0.5,0,0,16.5
2013000689,2013000686,CMT,2013-01-01 00:04:12	1,N,2013-01-01 00:29:21,2,1518,2.40,-73.982925,40.771965,-73.995308,40.749809,CRD,17,0.5,0.5,2,0,20
2013000694,2013000691,CMT,2013-01-01 00:04:14	1,N,2013-01-01 00:22:33,1,1101,1.90,-74.008194,40.737514,-73.986137,40.752258,CRD,13,0.5,0.5,2.8,0,16.8
2013000701,2013000698,CMT,2013-01-01 00:04:16	1,N,2013-01-01 00:21:06,2,1012,7.80,-73.866325,40.771126,-73.93866,40.707722,CRD,24.5,0.5,0.5,7.65,0,33.15
2013000710,2013000707,CMT,2013-01-01 00:04:22	1,N,2013-01-01 00:04:34,1,17,.00,-73.978188,40.752281,-73.978233,40.75248,CSH,2.5,0.5,0.5,0,0,3.5
2013000716,2013000713,CMT,2013-01-01 00:04:26	1,N,2013-01-01 00:16:38,2,735,2.50,-73.989136,40.718636,-73.993034,40.742626,CRD,10.5,0.5,0.5,2.3,0,13.8
2013000722,2013000719,CMT,2013-01-01 00:04:29	1,N,2013-01-01 00:15:02,1,635,2.10,-74.000633,40.74231,-73.973343,40.748699,CSH,9.5,0.5,0.5,0,0,10.5
2013000725,2013000722,CMT,2013-01-01 00:04:32	1,N,2013-01-01 00:30:08,2,1538,5.10,-73.997025,40.717972,-73.980667,40.76572,CSH,21.5,0.5,0.5,0,0,22.5
2013000735,2013000732,CMT,2013-01-01 00:04:36	1,N,2013-01-01 00:14:23,1,590,1.90,-74.003593,40.723625,-73.984062,40.73111,CSH,9,0.5,0.5,0,0,10
2013000743,2013000740,CMT,2013-01-01 00:04:37	1,N,2013-01-01 00:14:33,1,596,3.80,-73.983505,40.730202,-73.956955,40.777496,CRD,12.5,0.5,0.5,2,0,15.5
2013000755,2013000752,CMT,2013-01-01 00:04:44	1,N,2013-01-01 00:23:25,1,1127,4.90,-73.988144,40.723873,-73.981461,40.777687,CRD,17.5,0.5,0.5,4.62,0,23.12
2013000767,2013000764,CMT,2013-01-01 00:04:51	1,N,2013-01-01 00:17:33,3,769,1.80,-73.961922,40.713669,-73.939461,40.705143,CSH,10,0.5,0.5,0,0,11
2013000771,2013000768,CMT,2013-01-01 00:04:53	1,N,2013-01-01 00:10:34,1,343,1.50,-73.981911,40.752453,-73.996475,40.732254,CSH,7,0.5,0.5,0,0,8
2013000777,2013000774,CMT,2013-01-01 00:04:57	1,N,2013-01-01 00:30:29,2,1535,2.10,-73.984962,40.753506,-73.988426,40.769253,CSH,16.5,0.5,0.5,0,0,17.5
2013000779,2013000776,CMT,2013-01-01 00:04:58	1,N,2013-01-01 00:10:13,1,315,1.70,-73.9338,40.802586,-73.948326,40.7906,CSH,7,0.5,0.5,0,0,8
2013000784,2013000781,VTS,2013-01-01 00:05:00	1,N,2013-01-01 00:06:54,1,115,.80,-73.982231,40.73172,-73.974648,40.742058,CSH,4.5,0.5,0.5,0,0,5.5
2013000796,2013000793,VTS,2013-01-01 00:05:00	1,,2013-01-01 00:23:00,1,1080,4.38,-73.960922,40.718899,-73.997437,40.735077,CSH,16.5,0.5,0.5,0,0,17.5
2013000805,2013000802,VTS,2013-01-01 00:05:00	1,,2013-01-01 00:14:00,1,540,2.13,-73.990692,40.736832,-73.974724,40.75061,CSH,9,0.5,0.5,0,0,10
2013000810,2013000807,VTS,2013-01-01 00:05:00	1,,2013-01-01 00:16:00,1,660,2.35,-74.002197,40.732712,-74.002327,40.709053,CSH,10,0.5,0.5,0,0,11
2013000817,2013000814,VTS,2013-01-01 00:05:00	1,,2013-01-01 00:15:00,2,600,1.54,-73.989548,40.726276,-73.996666,40.739826,CRD,8.5,0.5,0.5,1,0,10.5
2013000822,2013000819,VTS,2013-01-01 00:05:00	1,,2013-01-01 00:09:00,1,240,1.03,-73.958488,40.778328,-73.947739,40.779518,CSH,5.5,0.5,0.5,0,0,6.5
2013000829,2013000826,VTS,2013-01-01 00:05:00	1,,2013-01-01 00:15:00,1,600,1.92,-73.995628,40.723351,-73.991188,40.745224,CRD,9,0.5,0.5,1.9,0,11.9
2013000835,2013000832,VTS,2013-01-01 00:05:00	1,,2013-01-01 00:19:00,3,840,2.48,-73.98864,40.719501,-73.992416,40.74345,CRD,11.5,0.5,0.5,3,0,15.5
2013000847,2013000844,VTS,2013-01-01 00:05:00	1,,2013-01-01 00:09:00,2,240,1.94,-73.975159,40.741474,-73.975021,40.720013,CRD,7.5,0.5,0.5,0,0,8.5
2013000851,2013000848,VTS,2013-01-01 00:05:00	1,,2013-01-01 00:20:00,1,900,2.36,-73.956284,40.771332,-73.979759,40.758881,CSH,12.5,0.5,0.5,0,0,13.5
2013000859,2013000856,VTS,2013-01-01 00:05:00	1,,2013-01-01 00:22:00,1,1020,7.24,-73.864616,40.769947,-73.946617,40.717178,CRD,22,0.5,0.5,5.62,0,28.62
2013000864,2013000861,VTS,2013-01-01 00:05:00	1,,2013-01-01 00:33:00,2,1680,11.15,-73.97506,40.689308,-73.945175,40.802406,CSH,34,0.5,0.5,0,0,35
2013000876,2013000873,VTS,2013-01-01 00:05:00	1,,2013-01-01 00:13:00,1,480,1.42,-73.988373,40.718376,-73.974785,40.721581,CSH,7.5,0.5,0.5,0,0,8.5
2013000881,2013000878,VTS,2013-01-01 00:05:00	1,,2013-01-01 00:12:00,1,420,1.10,-74.00592,40.740196,-74.005348,40.727985,CRD,7,0.5,0.5,1.5,0,9.5
2013000888,2013000885,VTS,2013-01-01 00:05:00	1,,2013-01-01 00:12:00,1,420,2.21,-73.963203,40.762547,-73.981705,40.736828,CRD,8.5,0.5,0.5,2,0,11.5
2013000894,2013000891,VTS,2013-01-01 00:05:00	1,,2013-01-01 00:36:00,1,1860,7.09,-73.984047,40.744099,-73.99221,40.666157,CSH,27,0.5,0.5,0,0,28
2013000901,2013000898,VTS,2013-01-01 00:05:00	1,,2013-01-01 00:11:00,2,360,1.88,-74.008026,40.714828,-73.995911,40.736954,CSH,7.5,0.5,0.5,0,0,8.5
2013000909,2013000906,VTS,2013-01-01 00:05:00	1,,2013-01-01 00:15:00,1,600,2.16,-73.982056,40.778656,-73.959343,40.772663,CSH,10,0.5,0.5,0,0,11
2013000916,2013000913,CMT,2013-01-01 00:05:01	1,,2013-01-01 00:11:00,1,360,1.02,-73.994003,40.726692,-73.982262,40.731827,CSH,6,0.5,0.5,0,0,7
2013000927,2013000924,CMT,2013-01-01 00:05:03	1,N,2013-01-01 00:18:27,1,806,8.80,-73.86544,40.770855,-73.982506,40.742542,CRD,25,0.5,0.5,6.15,4.8,36.95
2013000931,2013000928,CMT,2013-01-01 00:05:05	1,N,2013-01-01 00:09:18,1,254,.70,-73.98423,40.743702,-73.991394,40.748859,CSH,5,0.5,0.5,0,0,6
2013000936,2013000933,CMT,2013-01-01 00:05:09	2,N,2013-01-01 01:01:30,1,3384,.50,-73.964775,40.764187,-73.959099,40.770725,CSH,52,0,0.5,0,0,52.5
2013000939,2013000936,CMT,2013-01-01 00:05:10	1,N,2013-01-01 00:10:12,1,302,.80,-73.979408,40.74976,-73.989525,40.743195,CSH,5.5,0.5,0.5,0,0,6.5
2013000955,2013000952,CMT,2013-01-01 00:05:21	1,N,2013-01-01 00:15:11,1,600,4.20,-73.864098,40.770111,-73.932129,40.771461,CRD,14,0.5,0.5,3.75,0,18.75
2013000977,2013000974,CMT,2013-01-01 00:05:32	1,N,2013-01-01 00:15:38,1,616,1.80,-74.000069,40.728569,-73.980034,40.741604,CRD,9,0.5,0.5,2.5,0,12.5
2013000984,2013000981,CMT,2013-01-01 00:05:35	1,N,2013-01-01 00:10:48,1,316,1.00,-73.996323,40.759933,-73.995018,40.769886,CSH,5.5,0.5,0.5,0,0,6.5
2013000987,2013000984,CMT,2013-01-01 00:05:36	1,N,2013-01-01 00:07:32,1,116,.60,-74.002342,40.750378,-73.995102,40.756233,CRD,4,0.5,0.5,0.5,0,5.5
2013000991,2013000988,CMT,2013-01-01 00:05:38	1,N,2013-01-01 00:07:31,1,115,.60,-74.002258,40.750462,-73.994843,40.756184,CRD,4,0.5,0.5,0,0,5
2013000991,2013000988,CMT,2013-01-01 00:05:38	1,N,2013-01-01 00:09:52,1,254,1.00,-73.959679,40.773865,-73.954865,40.783382,CSH,5.5,0.5,0.5,0,0,6.5
