"Astoria-Long Island City","G","621110.5100"
"Astoria-Long Island City","Y","1657016.2500"
"Auburndale","G","21365.0400"
"Auburndale","Y","23482.7900"
"Battery Park","G","27413.6600"
"Battery Park","Y","275099.8300"
"Bay Ridge","G","27509.3800"
"Bay Ridge","Y","212331.1700"
"Baychester","G","10431.4200"
"Baychester","Y","7144.7800"
"Bedford Park","G","112275.7400"
"Bedford Park","Y","63292.5000"
"Bedford-Stuyvesant","G","163853.8900"
"Bedford-Stuyvesant","Y","1094259.4900"
"Bensonhurst","G","9620.1500"
"Bensonhurst","Y","54765.2200"
"Boerum Hill","G","44034.8200"
"Boerum Hill","Y","366733.7000"
"Borough Park","G","27345.6700"
"Borough Park","Y","177847.1800"
"Brownsville","G","15275.9300"
"Brownsville","Y","64256.3900"
"Bushwick","G","88294.9100"
"Bushwick","Y","711524.0300"
"Canarsie","G","16355.3800"
"Canarsie","Y","69214.1900"
"Carnegie Hill","G","67350.4300"
"Carnegie Hill","Y","321244.2400"
"Carroll Gardens","G","57797.8500"
"Carroll Gardens","Y","484976.1200"
"Central Park","G","69943.2400"
"Central Park","Y","406047.3500"
"Chelsea","G","258476.0300"
"Chelsea","Y","1832476.7800"
"Chinatown","G","19319.3700"
"Chinatown","Y","181334.6800"
"City Island","G","1861.1000"
"City Island","Y","2935.9700"
"Clearview","G","11574.5600"
"Clearview","Y","15733.0500"
"Clinton","G","175590.7200"
"Clinton","Y","1058280.4500"
"Cobble Hill","G","22598.0500"
"Cobble Hill","Y","167558.5500"
"Corona","G","982.8700"
"Corona","Y","4113.4600"
"Country Club","G","25351.9700"
"Country Club","Y","17744.4000"
"Douglastown-Little Neck","G","20648.4000"
"Douglastown-Little Neck","Y","38262.5200"
"Downtown","G","55562.4300"
"Downtown","Y","441940.2400"
"dropoff_neighborhood","color","sum(total_amount)"
"Dyker Heights","G","5612.6200"
"Dyker Heights","Y","45801.3200"
"East Brooklyn","G","29148.2200"
"East Brooklyn","Y","79298.7200"
"East Harlem","G","249514.9600"
"East Harlem","Y","643780.6700"
"East Village","G","153762.9900"
"East Village","Y","1203208.0900"
"Eastchester","Y","16.0000"
"Financial District","G","91831.7100"
"Financial District","Y","941317.8200"
"Flatbush","G","232.5800"
"Flatbush","Y","1772.8600"
"Flushing","G","94609.0400"
"Flushing","Y","183156.0500"
"Fordham","G","109507.5100"
"Fordham","Y","46722.1400"
"Forest Hills","G","249506.6500"
"Forest Hills","Y","286407.9000"
"Fort Green","G","223816.2500"
"Fort Green","Y","1606778.6700"
"Garment District","G","195514.5600"
"Garment District","Y","1320949.6700"
"Glendale","G","27848.7600"
"Glendale","Y","40156.5600"
"Gramercy","G","261389.2500"
"Gramercy","Y","1944402.5300"
"Gravesend-Sheepshead Bay","G","52952.0100"
"Gravesend-Sheepshead Bay","Y","132062.5500"
"Greenwich Village","G","138586.5100"
"Greenwich Village","Y","1099037.7200"
"Greenwood","G","23016.0500"
"Greenwood","Y","193369.1200"
"Hamilton Heights","G","286696.7000"
"Hamilton Heights","Y","569461.8000"
"Harlem","G","642391.8900"
"Harlem","Y","1355990.4900"
"High Bridge","G","165681.4700"
"High Bridge","Y","99785.2400"
"Hunts Point","G","31214.4700"
"Hunts Point","Y","23595.3200"
"Inwood","G","124129.1200"
"Inwood","Y","142675.7000"
"Jackson Heights","G","418780.2000"
"Jackson Heights","Y","564978.3700"
"Jamaica","G","85054.4600"
"Jamaica","Y","145673.4400"
"Kings Bridge","G","58950.2400"
"Kings Bridge","Y","47593.7800"
"Laurelton","G","6804.1300"
"Laurelton","Y","15173.4500"
"Little Italy","G","30333.8400"
"Little Italy","Y","277621.8600"
"Lower East Side","G","138462.7200"
"Lower East Side","Y","1159485.3200"
"Mapleton-Flatlands","G","32599.4800"
"Mapleton-Flatlands","Y","186297.1200"
"Maspeth","G","83517.3800"
"Maspeth","Y","124000.0600"
"Middle Village","G","38353.6700"
"Middle Village","Y","60368.6500"
"Midtown","G","616841.2500"
"Midtown","Y","4480625.8500"
"Morningside Heights","G","259325.3100"
"Morningside Heights","Y","753063.6300"
"Morris Heights","G","97248.1700"
"Morris Heights","Y","40173.6500"
"Morris Park","G","48691.0400"
"Morris Park","Y","34759.1600"
"Mott Haven","G","164562.8200"
"Mott Haven","Y","175333.4000"
"Murray Hill","G","115106.0400"
"Murray Hill","Y","940743.4600"
"Nkew Gardens","G","179226.2000"
"Nkew Gardens","Y","173639.8700"
"North Sutton Area","G","37636.3900"
"North Sutton Area","Y","244672.2700"
"Park Slope","G","119975.6100"
"Park Slope","Y","916463.5000"
"Parkchester","G","88192.7400"
"Parkchester","Y","54617.3800"
"Queens Village","G","12637.6400"
"Queens Village","Y","16251.5300"
"Queensboro Hill","G","42735.8500"
"Queensboro Hill","Y","41460.2000"
"Ridgewood","G","52710.9300"
"Ridgewood","Y","181580.0400"
"Riverdale","G","34327.5700"
"Riverdale","Y","59046.6300"
"Saintalbans","G","17632.4600"
"Saintalbans","Y","20650.4000"
"Soho","G","76267.1400"
"Soho","Y","668772.0800"
"Soundview","G","83053.9200"
"Soundview","Y","48758.4200"
"South Bronx","G","266594.3600"
"South Bronx","Y","147894.2400"
"Springfield Gardens","G","16938.4600"
"Springfield Gardens","Y","27925.9900"
"Spuyten Duyvil","G","20467.5300"
"Spuyten Duyvil","Y","38097.9300"
"Steinway","G","35.0000"
"Steinway","Y","1051.4600"
"Sunny Side","G","279939.9600"
"Sunny Side","Y","1158518.2400"
"Sunset Park","G","27404.0900"
"Sunset Park","Y","199650.6300"
"The Rockaways","G","7118.2800"
"The Rockaways","Y","24020.7500"
"Throggs Neck","G","22218.2000"
"Throggs Neck","Y","18449.3500"
"Tremont","G","132971.3300"
"Tremont","Y","56367.0800"
"Tribeca","G","59922.4800"
"Tribeca","Y","545885.5100"
"Union Port","G","45490.4500"
"Union Port","Y","26478.0000"
"University Heights","G","87275.7500"
"University Heights","Y","37991.2500"
"Upper East Side","G","661372.0900"
"Upper East Side","Y","3558504.1500"
"Upper West Side","G","707781.5500"
"Upper West Side","Y","3436309.9400"
"Utopia","G","96832.5400"
"Utopia","Y","118879.7700"
"Wakefield-Williamsbridge","G","48485.6700"
"Wakefield-Williamsbridge","Y","29722.0600"
"Washington Heights","G","530313.7800"
"Washington Heights","Y","837555.9200"
"West Village","G","86487.3100"
"West Village","Y","686952.3100"
"Williams Bridge","G","36560.9100"
"Williams Bridge","Y","23355.1100"
"Williamsburg","G","211065.5200"
"Williamsburg","Y","1737191.8000"
"Woodhaven-Richmond Hill","G","88787.0300"
"Woodhaven-Richmond Hill","Y","95598.0100"
"Woodlawn-Nordwood","G","10077.9100"
"Woodlawn-Nordwood","Y","13705.2700"
"Woodside","G","176472.7900"
"Woodside","Y","365933.1400"
"Yorkville","G","186581.9300"
"Yorkville","Y","640807.9200"
